,word,rank,layer
0,и,1,0
0,и,1,0
0,и,1,0
0,и,1,0
0,и,1,0
0,и,1,1
0,и,1,1
0,и,1,1
0,и,1,1
0,и,1,1
0,и,1,1
0,и,1,1
0,и,1,1
0,и,1,1
0,и,1,1
0,и,1,1
0,и,1,1
0,и,1,1
0,и,1,1
0,и,1,1
0,и,1,1
0,и,1,1
0,и,1,1
0,и,1,1
0,и,1,1
0,и,1,1
0,и,1,1
0,и,1,1
0,и,1,1
0,и,1,1
0,и,1,1
0,и,1,1
0,и,1,1
0,и,1,1
0,и,1,1
0,и,1,1
0,и,1,1
0,и,1,2
0,и,1,3
0,и,1,4
0,и,1,4
0,и,1,4
0,и,1,5
0,и,1,5
0,и,1,5
0,и,1,6
0,и,1,7
0,и,1,9
0,и,1,9
0,и,1,9
0,и,1,9
0,и,1,10
0,и,1,11
1,я,5,0
1,я,5,0
1,я,5,0
1,я,5,0
1,я,5,0
1,я,5,1
1,я,5,1
1,я,5,1
1,я,5,1
1,я,5,1
1,я,5,1
1,я,5,1
1,я,5,1
1,я,5,1
1,я,5,1
1,я,5,1
1,я,5,1
1,я,5,1
1,я,5,1
1,я,5,1
1,я,5,1
1,я,5,1
1,я,5,1
1,я,5,1
1,я,5,2
1,я,5,2
1,я,5,3
1,я,5,4
1,я,5,4
1,я,5,5
1,я,5,5
1,я,5,5
1,я,5,6
1,я,5,6
1,я,5,6
1,я,5,6
1,я,5,6
1,я,5,7
1,я,5,7
1,я,5,7
1,я,5,7
1,я,5,8
1,я,5,8
1,я,5,9
1,я,5,9
1,я,5,9
1,я,5,10
1,я,5,11
2,быть,7,0
2,быть,7,0
2,быть,7,0
2,быть,7,1
2,быть,7,1
2,быть,7,1
2,быть,7,1
2,быть,7,1
2,быть,7,1
2,быть,7,1
2,быть,7,1
2,быть,7,1
2,быть,7,1
2,быть,7,1
2,быть,7,2
2,быть,7,3
2,быть,7,4
2,быть,7,4
2,быть,7,4
2,быть,7,5
2,быть,7,5
2,быть,7,5
2,быть,7,6
2,быть,7,7
2,быть,7,7
2,быть,7,9
3,то,12,0
3,то,12,0
3,то,12,0
3,то,12,0
3,то,12,1
3,то,12,1
3,то,12,1
3,то,12,1
3,то,12,1
3,то,12,1
3,то,12,1
3,то,12,1
3,то,12,1
3,то,12,1
3,то,12,1
3,то,12,1
3,то,12,2
3,то,12,4
3,то,12,4
3,то,12,5
3,то,12,5
3,то,12,5
3,то,12,6
3,то,12,6
3,то,12,6
3,то,12,7
3,то,12,9
4,этот,15,0
4,этот,15,0
4,этот,15,0
4,этот,15,1
4,этот,15,1
4,этот,15,1
4,этот,15,1
4,этот,15,1
4,этот,15,1
4,этот,15,1
4,этот,15,1
4,этот,15,2
4,этот,15,3
4,этот,15,4
4,этот,15,4
4,этот,15,5
4,этот,15,5
4,этот,15,5
4,этот,15,6
4,этот,15,6
4,этот,15,6
4,этот,15,7
4,этот,15,7
4,этот,15,7
4,этот,15,9
4,этот,15,9
4,этот,15,10
4,этот,15,11
5,мы,20,0
5,мы,20,0
5,мы,20,0
5,мы,20,0
5,мы,20,0
5,мы,20,0
5,мы,20,1
5,мы,20,1
5,мы,20,1
5,мы,20,1
5,мы,20,1
5,мы,20,1
5,мы,20,1
5,мы,20,1
5,мы,20,1
5,мы,20,1
5,мы,20,1
5,мы,20,1
5,мы,20,1
5,мы,20,1
5,мы,20,1
5,мы,20,1
5,мы,20,1
5,мы,20,2
5,мы,20,3
5,мы,20,4
5,мы,20,4
5,мы,20,5
5,мы,20,5
5,мы,20,5
5,мы,20,6
5,мы,20,6
5,мы,20,6
5,мы,20,6
5,мы,20,7
5,мы,20,7
5,мы,20,7
5,мы,20,8
5,мы,20,9
5,мы,20,9
5,мы,20,10
5,мы,20,11
6,весь,24,0
6,весь,24,0
6,весь,24,0
6,весь,24,0
6,весь,24,1
6,весь,24,1
6,весь,24,1
6,весь,24,1
6,весь,24,1
6,весь,24,1
6,весь,24,1
6,весь,24,1
6,весь,24,1
6,весь,24,1
6,весь,24,1
6,весь,24,1
6,весь,24,2
6,весь,24,2
6,весь,24,4
6,весь,24,4
6,весь,24,4
6,весь,24,5
6,весь,24,5
6,весь,24,5
6,весь,24,6
6,весь,24,6
6,весь,24,6
6,весь,24,7
6,весь,24,7
6,весь,24,7
6,весь,24,7
6,весь,24,9
7,за,26,0
7,за,26,0
7,за,26,0
7,за,26,0
7,за,26,0
7,за,26,0
7,за,26,0
7,за,26,0
7,за,26,0
7,за,26,0
7,за,26,0
7,за,26,0
7,за,26,1
7,за,26,1
7,за,26,1
7,за,26,1
7,за,26,1
7,за,26,1
7,за,26,1
7,за,26,1
7,за,26,1
7,за,26,1
7,за,26,1
7,за,26,1
7,за,26,1
7,за,26,1
7,за,26,1
7,за,26,1
7,за,26,1
7,за,26,1
7,за,26,1
7,за,26,1
7,за,26,1
7,за,26,1
7,за,26,1
7,за,26,1
7,за,26,1
7,за,26,1
7,за,26,1
7,за,26,1
7,за,26,1
7,за,26,2
7,за,26,4
7,за,26,4
7,за,26,4
7,за,26,5
7,за,26,5
7,за,26,7
7,за,26,9
7,за,26,9
7,за,26,11
8,от,27,0
8,от,27,0
8,от,27,0
8,от,27,0
8,от,27,0
8,от,27,0
8,от,27,0
8,от,27,0
8,от,27,0
8,от,27,1
8,от,27,1
8,от,27,1
8,от,27,1
8,от,27,1
8,от,27,1
8,от,27,1
8,от,27,1
8,от,27,1
8,от,27,1
8,от,27,1
8,от,27,1
8,от,27,1
8,от,27,1
8,от,27,1
8,от,27,1
8,от,27,1
8,от,27,1
8,от,27,1
8,от,27,1
8,от,27,1
8,от,27,1
8,от,27,1
8,от,27,1
8,от,27,1
8,от,27,1
8,от,27,1
8,от,27,1
8,от,27,1
8,от,27,1
8,от,27,1
8,от,27,1
8,от,27,1
8,от,27,1
8,от,27,1
8,от,27,1
8,от,27,1
8,от,27,1
8,от,27,2
8,от,27,3
8,от,27,4
8,от,27,4
8,от,27,4
8,от,27,4
8,от,27,4
8,от,27,4
8,от,27,5
8,от,27,5
8,от,27,7
8,от,27,9
8,от,27,9
8,от,27,10
9,так,30,0
9,так,30,0
9,так,30,0
9,так,30,0
9,так,30,0
9,так,30,0
9,так,30,1
9,так,30,1
9,так,30,1
9,так,30,1
9,так,30,1
9,так,30,1
9,так,30,1
9,так,30,1
9,так,30,1
9,так,30,1
9,так,30,1
9,так,30,1
9,так,30,1
9,так,30,1
9,так,30,1
9,так,30,1
9,так,30,1
9,так,30,1
9,так,30,1
9,так,30,1
9,так,30,1
9,так,30,1
9,так,30,1
9,так,30,1
9,так,30,1
9,так,30,2
9,так,30,3
9,так,30,4
9,так,30,4
9,так,30,4
9,так,30,4
9,так,30,5
9,так,30,5
9,так,30,5
9,так,30,6
9,так,30,7
9,так,30,7
9,так,30,9
9,так,30,9
9,так,30,9
9,так,30,11
10,год,36,0
10,год,36,0
10,год,36,0
10,год,36,1
10,год,36,1
10,год,36,1
10,год,36,1
10,год,36,1
10,год,36,1
10,год,36,1
10,год,36,1
10,год,36,2
10,год,36,4
10,год,36,4
10,год,36,5
10,год,36,5
10,год,36,5
10,год,36,6
10,год,36,6
10,год,36,7
10,год,36,9
11,человек,40,0
11,человек,40,0
11,человек,40,0
11,человек,40,1
11,человек,40,1
11,человек,40,1
11,человек,40,1
11,человек,40,1
11,человек,40,1
11,человек,40,1
11,человек,40,1
11,человек,40,1
11,человек,40,1
11,человек,40,1
11,человек,40,1
11,человек,40,1
11,человек,40,1
11,человек,40,1
11,человек,40,1
11,человек,40,1
11,человек,40,2
11,человек,40,3
11,человек,40,3
11,человек,40,4
11,человек,40,4
11,человек,40,4
11,человек,40,5
11,человек,40,5
11,человек,40,5
11,человек,40,5
11,человек,40,5
11,человек,40,5
11,человек,40,6
11,человек,40,6
11,человек,40,6
11,человек,40,6
11,человек,40,7
11,человек,40,7
11,человек,40,7
11,человек,40,7
11,человек,40,8
11,человек,40,9
11,человек,40,9
11,человек,40,11
12,только,41,0
12,только,41,0
12,только,41,0
12,только,41,0
12,только,41,0
12,только,41,0
12,только,41,0
12,только,41,0
12,только,41,0
12,только,41,0
12,только,41,0
12,только,41,0
12,только,41,0
12,только,41,0
12,только,41,0
12,только,41,0
12,только,41,0
12,только,41,1
12,только,41,1
12,только,41,1
12,только,41,1
12,только,41,1
12,только,41,1
12,только,41,1
12,только,41,1
12,только,41,1
12,только,41,1
12,только,41,1
12,только,41,1
12,только,41,1
12,только,41,1
12,только,41,1
12,только,41,1
12,только,41,1
12,только,41,1
12,только,41,1
12,только,41,1
12,только,41,1
12,только,41,1
12,только,41,1
12,только,41,1
12,только,41,1
12,только,41,1
12,только,41,1
12,только,41,1
12,только,41,1
12,только,41,1
12,только,41,1
12,только,41,1
12,только,41,1
12,только,41,1
12,только,41,1
12,только,41,1
12,только,41,1
12,только,41,1
12,только,41,1
12,только,41,1
12,только,41,1
12,только,41,2
12,только,41,2
12,только,41,4
12,только,41,4
12,только,41,4
12,только,41,4
12,только,41,4
12,только,41,5
12,только,41,5
12,только,41,5
12,только,41,5
12,только,41,6
12,только,41,7
12,только,41,9
12,только,41,10
13,себя,44,0
13,себя,44,0
13,себя,44,0
13,себя,44,0
13,себя,44,0
13,себя,44,0
13,себя,44,0
13,себя,44,0
13,себя,44,0
13,себя,44,0
13,себя,44,0
13,себя,44,0
13,себя,44,0
13,себя,44,1
13,себя,44,1
13,себя,44,1
13,себя,44,1
13,себя,44,1
13,себя,44,1
13,себя,44,1
13,себя,44,1
13,себя,44,1
13,себя,44,1
13,себя,44,1
13,себя,44,1
13,себя,44,1
13,себя,44,1
13,себя,44,1
13,себя,44,1
13,себя,44,1
13,себя,44,1
13,себя,44,1
13,себя,44,1
13,себя,44,1
13,себя,44,1
13,себя,44,1
13,себя,44,1
13,себя,44,1
13,себя,44,1
13,себя,44,1
13,себя,44,1
13,себя,44,2
13,себя,44,4
13,себя,44,4
13,себя,44,4
13,себя,44,4
13,себя,44,5
13,себя,44,5
13,себя,44,5
13,себя,44,5
13,себя,44,6
13,себя,44,7
13,себя,44,7
13,себя,44,9
13,себя,44,10
14,мой,47,0
14,мой,47,0
14,мой,47,0
14,мой,47,1
14,мой,47,1
14,мой,47,1
14,мой,47,1
14,мой,47,1
14,мой,47,1
14,мой,47,1
14,мой,47,1
14,мой,47,1
14,мой,47,1
14,мой,47,1
14,мой,47,1
14,мой,47,1
14,мой,47,1
14,мой,47,1
14,мой,47,2
14,мой,47,3
14,мой,47,4
14,мой,47,4
14,мой,47,4
14,мой,47,5
14,мой,47,6
14,мой,47,7
14,мой,47,7
14,мой,47,7
14,мой,47,11
15,говорить,49,0
15,говорить,49,0
15,говорить,49,0
15,говорить,49,1
15,говорить,49,1
15,говорить,49,1
15,говорить,49,1
15,говорить,49,1
15,говорить,49,1
15,говорить,49,1
15,говорить,49,1
15,говорить,49,1
15,говорить,49,1
15,говорить,49,1
15,говорить,49,1
15,говорить,49,2
15,говорить,49,3
15,говорить,49,4
15,говорить,49,4
15,говорить,49,5
15,говорить,49,5
15,говорить,49,5
15,говорить,49,7
15,говорить,49,9
15,говорить,49,10
16,до,50,0
16,до,50,0
16,до,50,0
16,до,50,0
16,до,50,0
16,до,50,0
16,до,50,0
16,до,50,0
16,до,50,0
16,до,50,0
16,до,50,0
16,до,50,0
16,до,50,0
16,до,50,0
16,до,50,0
16,до,50,0
16,до,50,0
16,до,50,0
16,до,50,0
16,до,50,1
16,до,50,1
16,до,50,1
16,до,50,1
16,до,50,1
16,до,50,1
16,до,50,1
16,до,50,1
16,до,50,1
16,до,50,1
16,до,50,1
16,до,50,1
16,до,50,1
16,до,50,1
16,до,50,1
16,до,50,1
16,до,50,1
16,до,50,1
16,до,50,1
16,до,50,1
16,до,50,1
16,до,50,1
16,до,50,1
16,до,50,1
16,до,50,1
16,до,50,1
16,до,50,1
16,до,50,1
16,до,50,1
16,до,50,1
16,до,50,1
16,до,50,1
16,до,50,1
16,до,50,1
16,до,50,1
16,до,50,1
16,до,50,1
16,до,50,2
16,до,50,4
16,до,50,4
16,до,50,4
16,до,50,4
16,до,50,4
16,до,50,4
16,до,50,4
16,до,50,5
16,до,50,5
16,до,50,5
16,до,50,5
16,до,50,5
16,до,50,6
16,до,50,6
16,до,50,6
16,до,50,6
16,до,50,7
16,до,50,7
16,до,50,8
16,до,50,9
16,до,50,9
16,до,50,9
16,до,50,11
17,когда,53,0
17,когда,53,0
17,когда,53,0
17,когда,53,0
17,когда,53,0
17,когда,53,0
17,когда,53,0
17,когда,53,0
17,когда,53,0
17,когда,53,0
17,когда,53,0
17,когда,53,0
17,когда,53,0
17,когда,53,0
17,когда,53,0
17,когда,53,0
17,когда,53,0
17,когда,53,0
17,когда,53,1
17,когда,53,1
17,когда,53,1
17,когда,53,1
17,когда,53,1
17,когда,53,1
17,когда,53,1
17,когда,53,1
17,когда,53,1
17,когда,53,1
17,когда,53,1
17,когда,53,1
17,когда,53,1
17,когда,53,1
17,когда,53,1
17,когда,53,1
17,когда,53,1
17,когда,53,1
17,когда,53,1
17,когда,53,1
17,когда,53,1
17,когда,53,1
17,когда,53,1
17,когда,53,1
17,когда,53,1
17,когда,53,1
17,когда,53,1
17,когда,53,1
17,когда,53,1
17,когда,53,1
17,когда,53,1
17,когда,53,1
17,когда,53,1
17,когда,53,1
17,когда,53,1
17,когда,53,1
17,когда,53,1
17,когда,53,1
17,когда,53,1
17,когда,53,1
17,когда,53,1
17,когда,53,1
17,когда,53,1
17,когда,53,1
17,когда,53,1
17,когда,53,1
17,когда,53,1
17,когда,53,1
17,когда,53,1
17,когда,53,1
17,когда,53,1
17,когда,53,1
17,когда,53,1
17,когда,53,1
17,когда,53,1
17,когда,53,3
17,когда,53,4
17,когда,53,4
17,когда,53,4
17,когда,53,4
17,когда,53,5
17,когда,53,5
17,когда,53,5
17,когда,53,5
17,когда,53,6
17,когда,53,6
17,когда,53,6
17,когда,53,7
17,когда,53,8
17,когда,53,9
17,когда,53,9
17,когда,53,11
18,дело,63,0
18,дело,63,0
18,дело,63,0
18,дело,63,1
18,дело,63,1
18,дело,63,1
18,дело,63,1
18,дело,63,1
18,дело,63,1
18,дело,63,1
18,дело,63,1
18,дело,63,2
18,дело,63,4
18,дело,63,4
18,дело,63,5
18,дело,63,5
18,дело,63,5
18,дело,63,6
18,дело,63,6
18,дело,63,6
18,дело,63,7
18,дело,63,9
18,дело,63,9
19,два,73,0
19,два,73,0
19,два,73,0
19,два,73,1
19,два,73,1
19,два,73,1
19,два,73,1
19,два,73,1
19,два,73,1
19,два,73,1
19,два,73,1
19,два,73,1
19,два,73,1
19,два,73,1
19,два,73,1
19,два,73,1
19,два,73,1
19,два,73,1
19,два,73,1
19,два,73,1
19,два,73,1
19,два,73,1
19,два,73,1
19,два,73,1
19,два,73,1
19,два,73,1
19,два,73,1
19,два,73,2
19,два,73,4
19,два,73,4
19,два,73,4
19,два,73,5
19,два,73,5
19,два,73,5
19,два,73,5
19,два,73,5
19,два,73,5
19,два,73,7
19,два,73,9
19,два,73,10
19,два,73,11
20,кто,80,0
20,кто,80,0
20,кто,80,0
20,кто,80,1
20,кто,80,1
20,кто,80,1
20,кто,80,1
20,кто,80,1
20,кто,80,1
20,кто,80,1
20,кто,80,1
20,кто,80,1
20,кто,80,1
20,кто,80,1
20,кто,80,1
20,кто,80,1
20,кто,80,1
20,кто,80,1
20,кто,80,1
20,кто,80,1
20,кто,80,1
20,кто,80,1
20,кто,80,1
20,кто,80,2
20,кто,80,2
20,кто,80,4
20,кто,80,4
20,кто,80,4
20,кто,80,5
20,кто,80,5
20,кто,80,5
20,кто,80,5
20,кто,80,6
20,кто,80,6
20,кто,80,7
20,кто,80,8
20,кто,80,9
20,кто,80,9
20,кто,80,9
21,идти,88,0
21,идти,88,0
21,идти,88,0
21,идти,88,1
21,идти,88,1
21,идти,88,1
21,идти,88,1
21,идти,88,1
21,идти,88,1
21,идти,88,1
21,идти,88,1
21,идти,88,1
21,идти,88,1
21,идти,88,1
21,идти,88,2
21,идти,88,4
21,идти,88,4
21,идти,88,5
21,идти,88,5
21,идти,88,5
21,идти,88,6
21,идти,88,6
21,идти,88,7
21,идти,88,7
21,идти,88,7
21,идти,88,7
21,идти,88,7
21,идти,88,9
21,идти,88,9
21,идти,88,11
22,должен,94,0
22,должен,94,0
22,должен,94,0
22,должен,94,1
22,должен,94,1
22,должен,94,1
22,должен,94,1
22,должен,94,1
22,должен,94,1
22,должен,94,1
22,должен,94,1
22,должен,94,1
22,должен,94,1
22,должен,94,1
22,должен,94,1
22,должен,94,1
22,должен,94,1
22,должен,94,1
22,должен,94,2
22,должен,94,4
22,должен,94,4
22,должен,94,4
22,должен,94,5
22,должен,94,5
22,должен,94,5
22,должен,94,6
22,должен,94,7
22,должен,94,7
22,должен,94,7
22,должен,94,7
22,должен,94,7
22,должен,94,9
22,должен,94,9
22,должен,94,11
23,хотеть,98,0
23,хотеть,98,0
23,хотеть,98,0
23,хотеть,98,1
23,хотеть,98,1
23,хотеть,98,1
23,хотеть,98,1
23,хотеть,98,1
23,хотеть,98,1
23,хотеть,98,1
23,хотеть,98,1
23,хотеть,98,1
23,хотеть,98,1
23,хотеть,98,1
23,хотеть,98,1
23,хотеть,98,2
23,хотеть,98,4
23,хотеть,98,4
23,хотеть,98,5
23,хотеть,98,5
23,хотеть,98,5
23,хотеть,98,6
23,хотеть,98,6
23,хотеть,98,7
23,хотеть,98,9
23,хотеть,98,9
23,хотеть,98,10
23,хотеть,98,11
24,здесь,106,0
24,здесь,106,0
24,здесь,106,0
24,здесь,106,0
24,здесь,106,0
24,здесь,106,0
24,здесь,106,0
24,здесь,106,0
24,здесь,106,0
24,здесь,106,0
24,здесь,106,0
24,здесь,106,0
24,здесь,106,0
24,здесь,106,0
24,здесь,106,0
24,здесь,106,0
24,здесь,106,0
24,здесь,106,1
24,здесь,106,1
24,здесь,106,1
24,здесь,106,1
24,здесь,106,1
24,здесь,106,1
24,здесь,106,1
24,здесь,106,1
24,здесь,106,1
24,здесь,106,1
24,здесь,106,1
24,здесь,106,1
24,здесь,106,1
24,здесь,106,1
24,здесь,106,1
24,здесь,106,1
24,здесь,106,1
24,здесь,106,1
24,здесь,106,1
24,здесь,106,1
24,здесь,106,1
24,здесь,106,1
24,здесь,106,1
24,здесь,106,1
24,здесь,106,1
24,здесь,106,1
24,здесь,106,1
24,здесь,106,1
24,здесь,106,1
24,здесь,106,1
24,здесь,106,1
24,здесь,106,1
24,здесь,106,1
24,здесь,106,1
24,здесь,106,1
24,здесь,106,1
24,здесь,106,1
24,здесь,106,1
24,здесь,106,1
24,здесь,106,1
24,здесь,106,1
24,здесь,106,1
24,здесь,106,1
24,здесь,106,1
24,здесь,106,1
24,здесь,106,1
24,здесь,106,1
24,здесь,106,1
24,здесь,106,1
24,здесь,106,1
24,здесь,106,1
24,здесь,106,2
24,здесь,106,2
24,здесь,106,3
24,здесь,106,4
24,здесь,106,4
24,здесь,106,4
24,здесь,106,4
24,здесь,106,4
24,здесь,106,4
24,здесь,106,4
24,здесь,106,4
24,здесь,106,4
24,здесь,106,5
24,здесь,106,5
24,здесь,106,5
24,здесь,106,5
24,здесь,106,5
24,здесь,106,5
24,здесь,106,5
24,здесь,106,5
24,здесь,106,5
24,здесь,106,5
24,здесь,106,6
24,здесь,106,6
24,здесь,106,6
24,здесь,106,6
24,здесь,106,6
24,здесь,106,7
24,здесь,106,7
24,здесь,106,7
24,здесь,106,7
24,здесь,106,7
24,здесь,106,7
24,здесь,106,7
24,здесь,106,9
24,здесь,106,9
24,здесь,106,9
24,здесь,106,10
24,здесь,106,10
24,здесь,106,10
24,здесь,106,11
25,взять,154,0
25,взять,154,0
25,взять,154,0
25,взять,154,1
25,взять,154,1
25,взять,154,1
25,взять,154,1
25,взять,154,1
25,взять,154,1
25,взять,154,1
25,взять,154,1
25,взять,154,2
25,взять,154,4
25,взять,154,4
25,взять,154,5
25,взять,154,5
25,взять,154,5
25,взять,154,6
25,взять,154,6
25,взять,154,6
25,взять,154,6
25,взять,154,6
25,взять,154,7
25,взять,154,7
25,взять,154,7
25,взять,154,9
25,взять,154,9
25,взять,154,11
26,хороший,165,0
26,хороший,165,0
26,хороший,165,0
26,хороший,165,1
26,хороший,165,1
26,хороший,165,1
26,хороший,165,1
26,хороший,165,1
26,хороший,165,1
26,хороший,165,1
26,хороший,165,1
26,хороший,165,1
26,хороший,165,1
26,хороший,165,1
26,хороший,165,1
26,хороший,165,1
26,хороший,165,2
26,хороший,165,4
26,хороший,165,4
26,хороший,165,4
26,хороший,165,5
26,хороший,165,5
26,хороший,165,5
26,хороший,165,5
26,хороший,165,6
26,хороший,165,6
26,хороший,165,6
26,хороший,165,7
26,хороший,165,7
26,хороший,165,7
26,хороший,165,9
26,хороший,165,11
27,спросить,167,0
27,спросить,167,0
27,спросить,167,0
27,спросить,167,1
27,спросить,167,1
27,спросить,167,1
27,спросить,167,1
27,спросить,167,1
27,спросить,167,1
27,спросить,167,1
27,спросить,167,1
27,спросить,167,1
27,спросить,167,1
27,спросить,167,1
27,спросить,167,1
27,спросить,167,1
27,спросить,167,1
27,спросить,167,1
27,спросить,167,1
27,спросить,167,1
27,спросить,167,1
27,спросить,167,1
27,спросить,167,1
27,спросить,167,2
27,спросить,167,2
27,спросить,167,4
27,спросить,167,4
27,спросить,167,4
27,спросить,167,5
27,спросить,167,5
27,спросить,167,5
27,спросить,167,5
27,спросить,167,5
27,спросить,167,5
27,спросить,167,6
27,спросить,167,6
27,спросить,167,6
27,спросить,167,6
27,спросить,167,6
27,спросить,167,6
27,спросить,167,6
27,спросить,167,7
27,спросить,167,7
27,спросить,167,7
27,спросить,167,7
27,спросить,167,7
27,спросить,167,7
27,спросить,167,7
27,спросить,167,8
27,спросить,167,8
27,спросить,167,8
27,спросить,167,9
27,спросить,167,9
27,спросить,167,9
27,спросить,167,10
27,спросить,167,11
27,спросить,167,11
28,оно,171,0
28,оно,171,0
28,оно,171,0
28,оно,171,1
28,оно,171,1
28,оно,171,1
28,оно,171,1
28,оно,171,1
28,оно,171,1
28,оно,171,1
28,оно,171,1
28,оно,171,1
28,оно,171,1
28,оно,171,1
28,оно,171,1
28,оно,171,1
28,оно,171,1
28,оно,171,1
28,оно,171,1
28,оно,171,1
28,оно,171,1
28,оно,171,1
28,оно,171,2
28,оно,171,3
28,оно,171,4
28,оно,171,4
28,оно,171,5
28,оно,171,5
28,оно,171,5
28,оно,171,6
28,оно,171,6
28,оно,171,6
28,оно,171,7
28,оно,171,7
28,оно,171,7
28,оно,171,9
28,оно,171,10
28,оно,171,11
29,остаться,184,0
29,остаться,184,0
29,остаться,184,0
29,остаться,184,0
29,остаться,184,0
29,остаться,184,1
29,остаться,184,1
29,остаться,184,1
29,остаться,184,1
29,остаться,184,1
29,остаться,184,1
29,остаться,184,1
29,остаться,184,1
29,остаться,184,1
29,остаться,184,1
29,остаться,184,1
29,остаться,184,1
29,остаться,184,1
29,остаться,184,1
29,остаться,184,1
29,остаться,184,1
29,остаться,184,1
29,остаться,184,1
29,остаться,184,1
29,остаться,184,1
29,остаться,184,1
29,остаться,184,1
29,остаться,184,1
29,остаться,184,2
29,остаться,184,2
29,остаться,184,3
29,остаться,184,4
29,остаться,184,4
29,остаться,184,4
29,остаться,184,4
29,остаться,184,4
29,остаться,184,5
29,остаться,184,5
29,остаться,184,5
29,остаться,184,5
29,остаться,184,5
29,остаться,184,6
29,остаться,184,6
29,остаться,184,6
29,остаться,184,6
29,остаться,184,7
29,остаться,184,7
29,остаться,184,7
29,остаться,184,7
29,остаться,184,7
29,остаться,184,9
29,остаться,184,9
29,остаться,184,11
29,остаться,184,11
30,совсем,186,0
30,совсем,186,0
30,совсем,186,0
30,совсем,186,0
30,совсем,186,0
30,совсем,186,1
30,совсем,186,1
30,совсем,186,1
30,совсем,186,1
30,совсем,186,1
30,совсем,186,1
30,совсем,186,1
30,совсем,186,1
30,совсем,186,1
30,совсем,186,1
30,совсем,186,1
30,совсем,186,1
30,совсем,186,1
30,совсем,186,1
30,совсем,186,1
30,совсем,186,2
30,совсем,186,3
30,совсем,186,4
30,совсем,186,4
30,совсем,186,5
30,совсем,186,5
30,совсем,186,5
30,совсем,186,5
30,совсем,186,6
30,совсем,186,6
30,совсем,186,6
30,совсем,186,6
30,совсем,186,6
30,совсем,186,7
30,совсем,186,7
30,совсем,186,7
30,совсем,186,7
30,совсем,186,7
30,совсем,186,7
30,совсем,186,8
30,совсем,186,9
30,совсем,186,9
30,совсем,186,11
31,женщина,187,0
31,женщина,187,0
31,женщина,187,0
31,женщина,187,0
31,женщина,187,0
31,женщина,187,0
31,женщина,187,0
31,женщина,187,0
31,женщина,187,0
31,женщина,187,0
31,женщина,187,0
31,женщина,187,0
31,женщина,187,1
31,женщина,187,1
31,женщина,187,1
31,женщина,187,1
31,женщина,187,1
31,женщина,187,1
31,женщина,187,1
31,женщина,187,1
31,женщина,187,1
31,женщина,187,1
31,женщина,187,1
31,женщина,187,1
31,женщина,187,1
31,женщина,187,1
31,женщина,187,1
31,женщина,187,1
31,женщина,187,1
31,женщина,187,1
31,женщина,187,1
31,женщина,187,1
31,женщина,187,1
31,женщина,187,1
31,женщина,187,1
31,женщина,187,1
31,женщина,187,1
31,женщина,187,1
31,женщина,187,1
31,женщина,187,1
31,женщина,187,1
31,женщина,187,1
31,женщина,187,1
31,женщина,187,1
31,женщина,187,2
31,женщина,187,3
31,женщина,187,3
31,женщина,187,4
31,женщина,187,4
31,женщина,187,4
31,женщина,187,4
31,женщина,187,4
31,женщина,187,5
31,женщина,187,5
31,женщина,187,5
31,женщина,187,5
31,женщина,187,5
31,женщина,187,5
31,женщина,187,5
31,женщина,187,6
31,женщина,187,6
31,женщина,187,6
31,женщина,187,6
31,женщина,187,6
31,женщина,187,6
31,женщина,187,6
31,женщина,187,6
31,женщина,187,6
31,женщина,187,6
31,женщина,187,6
31,женщина,187,6
31,женщина,187,6
31,женщина,187,6
31,женщина,187,6
31,женщина,187,6
31,женщина,187,7
31,женщина,187,7
31,женщина,187,7
31,женщина,187,7
31,женщина,187,7
31,женщина,187,7
31,женщина,187,7
31,женщина,187,7
31,женщина,187,8
31,женщина,187,8
31,женщина,187,8
31,женщина,187,8
31,женщина,187,8
31,женщина,187,8
31,женщина,187,9
31,женщина,187,9
31,женщина,187,9
31,женщина,187,10
31,женщина,187,10
31,женщина,187,10
31,женщина,187,11
31,женщина,187,11
32,общий,203,0
32,общий,203,0
32,общий,203,0
32,общий,203,0
32,общий,203,0
32,общий,203,0
32,общий,203,1
32,общий,203,1
32,общий,203,1
32,общий,203,1
32,общий,203,1
32,общий,203,1
32,общий,203,1
32,общий,203,1
32,общий,203,1
32,общий,203,1
32,общий,203,1
32,общий,203,2
32,общий,203,3
32,общий,203,4
32,общий,203,4
32,общий,203,4
32,общий,203,5
32,общий,203,5
32,общий,203,5
32,общий,203,5
32,общий,203,5
32,общий,203,6
32,общий,203,6
32,общий,203,6
32,общий,203,6
32,общий,203,7
32,общий,203,7
32,общий,203,9
32,общий,203,9
33,понять,214,0
33,понять,214,0
33,понять,214,0
33,понять,214,0
33,понять,214,1
33,понять,214,1
33,понять,214,1
33,понять,214,1
33,понять,214,1
33,понять,214,1
33,понять,214,1
33,понять,214,1
33,понять,214,1
33,понять,214,1
33,понять,214,1
33,понять,214,1
33,понять,214,1
33,понять,214,1
33,понять,214,1
33,понять,214,2
33,понять,214,3
33,понять,214,4
33,понять,214,4
33,понять,214,5
33,понять,214,5
33,понять,214,5
33,понять,214,6
33,понять,214,6
33,понять,214,6
33,понять,214,7
33,понять,214,7
33,понять,214,9
33,понять,214,10
33,понять,214,11
34,пора,218,0
34,пора,218,0
34,пора,218,0
34,пора,218,1
34,пора,218,1
34,пора,218,1
34,пора,218,1
34,пора,218,1
34,пора,218,1
34,пора,218,1
34,пора,218,2
34,пора,218,4
34,пора,218,4
34,пора,218,5
34,пора,218,5
34,пора,218,5
34,пора,218,6
34,пора,218,7
34,пора,218,9
35,правда,239,0
35,правда,239,0
35,правда,239,0
35,правда,239,0
35,правда,239,1
35,правда,239,1
35,правда,239,1
35,правда,239,1
35,правда,239,1
35,правда,239,1
35,правда,239,1
35,правда,239,1
35,правда,239,1
35,правда,239,1
35,правда,239,1
35,правда,239,1
35,правда,239,1
35,правда,239,1
35,правда,239,1
35,правда,239,1
35,правда,239,1
35,правда,239,1
35,правда,239,1
35,правда,239,1
35,правда,239,1
35,правда,239,1
35,правда,239,1
35,правда,239,1
35,правда,239,1
35,правда,239,1
35,правда,239,1
35,правда,239,1
35,правда,239,1
35,правда,239,2
35,правда,239,3
35,правда,239,4
35,правда,239,4
35,правда,239,4
35,правда,239,4
35,правда,239,4
35,правда,239,5
35,правда,239,5
35,правда,239,5
35,правда,239,6
35,правда,239,6
35,правда,239,6
35,правда,239,6
35,правда,239,7
35,правда,239,8
35,правда,239,9
35,правда,239,9
35,правда,239,9
36,сын,257,0
36,сын,257,0
36,сын,257,0
36,сын,257,1
36,сын,257,1
36,сын,257,1
36,сын,257,1
36,сын,257,1
36,сын,257,1
36,сын,257,1
36,сын,257,1
36,сын,257,1
36,сын,257,1
36,сын,257,1
36,сын,257,2
36,сын,257,2
36,сын,257,3
36,сын,257,4
36,сын,257,4
36,сын,257,4
36,сын,257,5
36,сын,257,5
36,сын,257,5
36,сын,257,5
36,сын,257,6
36,сын,257,6
36,сын,257,6
36,сын,257,7
36,сын,257,7
36,сын,257,8
36,сын,257,10
36,сын,257,11
37,сразу,281,0
37,сразу,281,0
37,сразу,281,0
37,сразу,281,0
37,сразу,281,0
37,сразу,281,0
37,сразу,281,0
37,сразу,281,0
37,сразу,281,0
37,сразу,281,0
37,сразу,281,0
37,сразу,281,0
37,сразу,281,0
37,сразу,281,0
37,сразу,281,0
37,сразу,281,0
37,сразу,281,0
37,сразу,281,0
37,сразу,281,0
37,сразу,281,0
37,сразу,281,0
37,сразу,281,0
37,сразу,281,0
37,сразу,281,0
37,сразу,281,0
37,сразу,281,0
37,сразу,281,0
37,сразу,281,1
37,сразу,281,1
37,сразу,281,1
37,сразу,281,1
37,сразу,281,1
37,сразу,281,1
37,сразу,281,1
37,сразу,281,1
37,сразу,281,1
37,сразу,281,1
37,сразу,281,1
37,сразу,281,1
37,сразу,281,1
37,сразу,281,1
37,сразу,281,1
37,сразу,281,1
37,сразу,281,1
37,сразу,281,1
37,сразу,281,1
37,сразу,281,1
37,сразу,281,1
37,сразу,281,1
37,сразу,281,1
37,сразу,281,1
37,сразу,281,1
37,сразу,281,1
37,сразу,281,1
37,сразу,281,1
37,сразу,281,1
37,сразу,281,1
37,сразу,281,1
37,сразу,281,1
37,сразу,281,1
37,сразу,281,1
37,сразу,281,1
37,сразу,281,1
37,сразу,281,1
37,сразу,281,1
37,сразу,281,1
37,сразу,281,1
37,сразу,281,1
37,сразу,281,3
37,сразу,281,4
37,сразу,281,4
37,сразу,281,4
37,сразу,281,4
37,сразу,281,4
37,сразу,281,4
37,сразу,281,4
37,сразу,281,4
37,сразу,281,5
37,сразу,281,5
37,сразу,281,5
37,сразу,281,5
37,сразу,281,5
37,сразу,281,5
37,сразу,281,5
37,сразу,281,5
37,сразу,281,6
37,сразу,281,6
37,сразу,281,6
37,сразу,281,6
37,сразу,281,6
37,сразу,281,6
37,сразу,281,7
37,сразу,281,7
37,сразу,281,7
37,сразу,281,7
37,сразу,281,7
37,сразу,281,7
37,сразу,281,7
37,сразу,281,7
37,сразу,281,7
37,сразу,281,7
37,сразу,281,8
37,сразу,281,8
37,сразу,281,8
37,сразу,281,8
37,сразу,281,8
37,сразу,281,8
37,сразу,281,8
37,сразу,281,8
37,сразу,281,8
37,сразу,281,9
37,сразу,281,9
37,сразу,281,9
37,сразу,281,9
37,сразу,281,9
37,сразу,281,9
37,сразу,281,9
37,сразу,281,10
37,сразу,281,10
37,сразу,281,10
37,сразу,281,11
38,общество,283,0
38,общество,283,0
38,общество,283,0
38,общество,283,1
38,общество,283,1
38,общество,283,1
38,общество,283,1
38,общество,283,1
38,общество,283,1
38,общество,283,1
38,общество,283,1
38,общество,283,1
38,общество,283,1
38,общество,283,1
38,общество,283,1
38,общество,283,1
38,общество,283,1
38,общество,283,1
38,общество,283,1
38,общество,283,1
38,общество,283,1
38,общество,283,1
38,общество,283,1
38,общество,283,1
38,общество,283,2
38,общество,283,2
38,общество,283,3
38,общество,283,4
38,общество,283,4
38,общество,283,4
38,общество,283,4
38,общество,283,5
38,общество,283,5
38,общество,283,5
38,общество,283,5
38,общество,283,5
38,общество,283,6
38,общество,283,6
38,общество,283,6
38,общество,283,6
38,общество,283,6
38,общество,283,6
38,общество,283,6
38,общество,283,6
38,общество,283,6
38,общество,283,6
38,общество,283,6
38,общество,283,7
38,общество,283,7
38,общество,283,7
38,общество,283,7
38,общество,283,7
38,общество,283,8
38,общество,283,8
38,общество,283,9
38,общество,283,9
39,куда,287,0
39,куда,287,0
39,куда,287,0
39,куда,287,0
39,куда,287,0
39,куда,287,0
39,куда,287,1
39,куда,287,1
39,куда,287,1
39,куда,287,1
39,куда,287,1
39,куда,287,1
39,куда,287,1
39,куда,287,1
39,куда,287,1
39,куда,287,1
39,куда,287,1
39,куда,287,1
39,куда,287,1
39,куда,287,1
39,куда,287,1
39,куда,287,1
39,куда,287,1
39,куда,287,1
39,куда,287,1
39,куда,287,1
39,куда,287,1
39,куда,287,1
39,куда,287,1
39,куда,287,1
39,куда,287,1
39,куда,287,1
39,куда,287,1
39,куда,287,2
39,куда,287,4
39,куда,287,4
39,куда,287,4
39,куда,287,4
39,куда,287,5
39,куда,287,5
39,куда,287,5
39,куда,287,5
39,куда,287,5
39,куда,287,5
39,куда,287,6
39,куда,287,6
39,куда,287,6
39,куда,287,7
39,куда,287,7
39,куда,287,7
39,куда,287,8
39,куда,287,8
39,куда,287,9
39,куда,287,9
39,куда,287,10
39,куда,287,10
40,отвечать,294,0
40,отвечать,294,0
40,отвечать,294,0
40,отвечать,294,1
40,отвечать,294,1
40,отвечать,294,1
40,отвечать,294,1
40,отвечать,294,1
40,отвечать,294,1
40,отвечать,294,1
40,отвечать,294,1
40,отвечать,294,1
40,отвечать,294,1
40,отвечать,294,1
40,отвечать,294,2
40,отвечать,294,3
40,отвечать,294,4
40,отвечать,294,5
40,отвечать,294,5
40,отвечать,294,5
40,отвечать,294,5
40,отвечать,294,6
40,отвечать,294,6
40,отвечать,294,6
40,отвечать,294,7
40,отвечать,294,7
40,отвечать,294,7
40,отвечать,294,7
40,отвечать,294,7
40,отвечать,294,8
40,отвечать,294,8
40,отвечать,294,9
40,отвечать,294,9
40,отвечать,294,10
40,отвечать,294,10
41,брат,306,0
41,брат,306,0
41,брат,306,0
41,брат,306,1
41,брат,306,1
41,брат,306,1
41,брат,306,1
41,брат,306,1
41,брат,306,1
41,брат,306,1
41,брат,306,1
41,брат,306,1
41,брат,306,1
41,брат,306,1
41,брат,306,1
41,брат,306,1
41,брат,306,1
41,брат,306,1
41,брат,306,1
41,брат,306,2
41,брат,306,2
41,брат,306,3
41,брат,306,4
41,брат,306,4
41,брат,306,4
41,брат,306,4
41,брат,306,5
41,брат,306,5
41,брат,306,5
41,брат,306,5
41,брат,306,6
41,брат,306,6
41,брат,306,6
41,брат,306,6
41,брат,306,6
41,брат,306,6
41,брат,306,7
41,брат,306,7
41,брат,306,9
41,брат,306,9
41,брат,306,11
42,живой,317,0
42,живой,317,0
42,живой,317,0
42,живой,317,1
42,живой,317,1
42,живой,317,1
42,живой,317,1
42,живой,317,1
42,живой,317,1
42,живой,317,1
42,живой,317,1
42,живой,317,1
42,живой,317,1
42,живой,317,1
42,живой,317,1
42,живой,317,2
42,живой,317,3
42,живой,317,4
42,живой,317,4
42,живой,317,4
42,живой,317,5
42,живой,317,5
42,живой,317,5
42,живой,317,6
42,живой,317,6
42,живой,317,6
42,живой,317,6
42,живой,317,6
42,живой,317,6
42,живой,317,7
42,живой,317,7
42,живой,317,9
43,называть,326,0
43,называть,326,0
43,называть,326,0
43,называть,326,1
43,называть,326,1
43,называть,326,1
43,называть,326,1
43,называть,326,1
43,называть,326,1
43,называть,326,1
43,называть,326,1
43,называть,326,1
43,называть,326,1
43,называть,326,1
43,называть,326,2
43,называть,326,4
43,называть,326,4
43,называть,326,5
43,называть,326,5
43,называть,326,5
43,называть,326,7
43,называть,326,8
43,называть,326,9
43,называть,326,9
44,товарищ,329,0
44,товарищ,329,0
44,товарищ,329,0
44,товарищ,329,1
44,товарищ,329,1
44,товарищ,329,1
44,товарищ,329,1
44,товарищ,329,1
44,товарищ,329,1
44,товарищ,329,1
44,товарищ,329,1
44,товарищ,329,1
44,товарищ,329,1
44,товарищ,329,1
44,товарищ,329,1
44,товарищ,329,1
44,товарищ,329,1
44,товарищ,329,1
44,товарищ,329,1
44,товарищ,329,1
44,товарищ,329,1
44,товарищ,329,1
44,товарищ,329,1
44,товарищ,329,1
44,товарищ,329,1
44,товарищ,329,1
44,товарищ,329,1
44,товарищ,329,1
44,товарищ,329,1
44,товарищ,329,1
44,товарищ,329,1
44,товарищ,329,1
44,товарищ,329,1
44,товарищ,329,1
44,товарищ,329,1
44,товарищ,329,1
44,товарищ,329,2
44,товарищ,329,3
44,товарищ,329,4
44,товарищ,329,4
44,товарищ,329,4
44,товарищ,329,4
44,товарищ,329,5
44,товарищ,329,5
44,товарищ,329,5
44,товарищ,329,5
44,товарищ,329,5
44,товарищ,329,5
44,товарищ,329,5
44,товарищ,329,5
44,товарищ,329,5
44,товарищ,329,6
44,товарищ,329,6
44,товарищ,329,6
44,товарищ,329,6
44,товарищ,329,7
44,товарищ,329,7
44,товарищ,329,7
44,товарищ,329,7
44,товарищ,329,8
44,товарищ,329,9
44,товарищ,329,9
44,товарищ,329,10
45,иногда,333,0
45,иногда,333,0
45,иногда,333,0
45,иногда,333,0
45,иногда,333,0
45,иногда,333,0
45,иногда,333,0
45,иногда,333,0
45,иногда,333,0
45,иногда,333,0
45,иногда,333,0
45,иногда,333,0
45,иногда,333,0
45,иногда,333,0
45,иногда,333,0
45,иногда,333,0
45,иногда,333,0
45,иногда,333,1
45,иногда,333,1
45,иногда,333,1
45,иногда,333,1
45,иногда,333,1
45,иногда,333,1
45,иногда,333,1
45,иногда,333,1
45,иногда,333,1
45,иногда,333,1
45,иногда,333,1
45,иногда,333,1
45,иногда,333,1
45,иногда,333,1
45,иногда,333,1
45,иногда,333,1
45,иногда,333,1
45,иногда,333,1
45,иногда,333,1
45,иногда,333,1
45,иногда,333,1
45,иногда,333,1
45,иногда,333,1
45,иногда,333,1
45,иногда,333,1
45,иногда,333,1
45,иногда,333,1
45,иногда,333,1
45,иногда,333,1
45,иногда,333,1
45,иногда,333,1
45,иногда,333,1
45,иногда,333,2
45,иногда,333,4
45,иногда,333,4
45,иногда,333,4
45,иногда,333,4
45,иногда,333,4
45,иногда,333,4
45,иногда,333,5
45,иногда,333,5
45,иногда,333,5
45,иногда,333,5
45,иногда,333,5
45,иногда,333,5
45,иногда,333,5
45,иногда,333,5
45,иногда,333,6
45,иногда,333,6
45,иногда,333,6
45,иногда,333,6
45,иногда,333,6
45,иногда,333,6
45,иногда,333,6
45,иногда,333,6
45,иногда,333,6
45,иногда,333,6
45,иногда,333,7
45,иногда,333,7
45,иногда,333,8
45,иногда,333,8
45,иногда,333,8
45,иногда,333,8
45,иногда,333,8
45,иногда,333,8
45,иногда,333,8
45,иногда,333,8
45,иногда,333,9
45,иногда,333,10
45,иногда,333,10
45,иногда,333,10
45,иногда,333,11
45,иногда,333,11
46,поэтому,339,0
46,поэтому,339,0
46,поэтому,339,0
46,поэтому,339,0
46,поэтому,339,0
46,поэтому,339,0
46,поэтому,339,0
46,поэтому,339,0
46,поэтому,339,0
46,поэтому,339,0
46,поэтому,339,0
46,поэтому,339,0
46,поэтому,339,0
46,поэтому,339,0
46,поэтому,339,0
46,поэтому,339,0
46,поэтому,339,0
46,поэтому,339,0
46,поэтому,339,0
46,поэтому,339,0
46,поэтому,339,0
46,поэтому,339,0
46,поэтому,339,0
46,поэтому,339,0
46,поэтому,339,0
46,поэтому,339,1
46,поэтому,339,1
46,поэтому,339,1
46,поэтому,339,1
46,поэтому,339,1
46,поэтому,339,1
46,поэтому,339,1
46,поэтому,339,1
46,поэтому,339,1
46,поэтому,339,1
46,поэтому,339,1
46,поэтому,339,1
46,поэтому,339,1
46,поэтому,339,1
46,поэтому,339,1
46,поэтому,339,1
46,поэтому,339,1
46,поэтому,339,1
46,поэтому,339,1
46,поэтому,339,1
46,поэтому,339,1
46,поэтому,339,1
46,поэтому,339,1
46,поэтому,339,1
46,поэтому,339,1
46,поэтому,339,1
46,поэтому,339,1
46,поэтому,339,1
46,поэтому,339,1
46,поэтому,339,1
46,поэтому,339,1
46,поэтому,339,1
46,поэтому,339,1
46,поэтому,339,1
46,поэтому,339,1
46,поэтому,339,1
46,поэтому,339,1
46,поэтому,339,1
46,поэтому,339,1
46,поэтому,339,1
46,поэтому,339,2
46,поэтому,339,2
46,поэтому,339,4
46,поэтому,339,4
46,поэтому,339,4
46,поэтому,339,4
46,поэтому,339,5
46,поэтому,339,5
46,поэтому,339,5
46,поэтому,339,5
46,поэтому,339,5
46,поэтому,339,5
46,поэтому,339,6
46,поэтому,339,6
46,поэтому,339,6
46,поэтому,339,6
46,поэтому,339,6
46,поэтому,339,6
46,поэтому,339,6
46,поэтому,339,6
46,поэтому,339,6
46,поэтому,339,6
46,поэтому,339,6
46,поэтому,339,7
46,поэтому,339,7
46,поэтому,339,7
46,поэтому,339,7
46,поэтому,339,7
46,поэтому,339,7
46,поэтому,339,7
46,поэтому,339,7
46,поэтому,339,7
46,поэтому,339,7
46,поэтому,339,7
46,поэтому,339,7
46,поэтому,339,8
46,поэтому,339,9
46,поэтому,339,9
46,поэтому,339,9
46,поэтому,339,9
46,поэтому,339,9
46,поэтому,339,9
46,поэтому,339,10
46,поэтому,339,10
46,поэтому,339,10
46,поэтому,339,11
46,поэтому,339,11
46,поэтому,339,11
47,заметить,345,0
47,заметить,345,0
47,заметить,345,0
47,заметить,345,1
47,заметить,345,1
47,заметить,345,1
47,заметить,345,1
47,заметить,345,1
47,заметить,345,1
47,заметить,345,1
47,заметить,345,1
47,заметить,345,1
47,заметить,345,1
47,заметить,345,1
47,заметить,345,1
47,заметить,345,1
47,заметить,345,1
47,заметить,345,2
47,заметить,345,3
47,заметить,345,4
47,заметить,345,4
47,заметить,345,4
47,заметить,345,4
47,заметить,345,4
47,заметить,345,5
47,заметить,345,5
47,заметить,345,5
47,заметить,345,5
47,заметить,345,5
47,заметить,345,6
47,заметить,345,6
47,заметить,345,6
47,заметить,345,6
47,заметить,345,7
47,заметить,345,7
47,заметить,345,7
47,заметить,345,7
47,заметить,345,9
47,заметить,345,10
47,заметить,345,11
47,заметить,345,11
48,взгляд,349,0
48,взгляд,349,0
48,взгляд,349,0
48,взгляд,349,1
48,взгляд,349,1
48,взгляд,349,1
48,взгляд,349,1
48,взгляд,349,1
48,взгляд,349,1
48,взгляд,349,1
48,взгляд,349,1
48,взгляд,349,1
48,взгляд,349,1
48,взгляд,349,1
48,взгляд,349,1
48,взгляд,349,2
48,взгляд,349,3
48,взгляд,349,3
48,взгляд,349,4
48,взгляд,349,4
48,взгляд,349,5
48,взгляд,349,5
48,взгляд,349,5
48,взгляд,349,6
48,взгляд,349,6
48,взгляд,349,7
48,взгляд,349,9
49,подумать,370,0
49,подумать,370,0
49,подумать,370,0
49,подумать,370,1
49,подумать,370,1
49,подумать,370,1
49,подумать,370,1
49,подумать,370,1
49,подумать,370,1
49,подумать,370,1
49,подумать,370,1
49,подумать,370,1
49,подумать,370,1
49,подумать,370,1
49,подумать,370,1
49,подумать,370,1
49,подумать,370,1
49,подумать,370,1
49,подумать,370,1
49,подумать,370,2
49,подумать,370,4
49,подумать,370,4
49,подумать,370,4
49,подумать,370,5
49,подумать,370,5
49,подумать,370,5
49,подумать,370,6
49,подумать,370,6
49,подумать,370,6
49,подумать,370,6
49,подумать,370,7
49,подумать,370,7
49,подумать,370,9
50,бояться,374,0
50,бояться,374,0
50,бояться,374,0
50,бояться,374,0
50,бояться,374,0
50,бояться,374,1
50,бояться,374,1
50,бояться,374,1
50,бояться,374,1
50,бояться,374,1
50,бояться,374,1
50,бояться,374,1
50,бояться,374,1
50,бояться,374,1
50,бояться,374,1
50,бояться,374,1
50,бояться,374,1
50,бояться,374,1
50,бояться,374,1
50,бояться,374,1
50,бояться,374,1
50,бояться,374,1
50,бояться,374,1
50,бояться,374,2
50,бояться,374,2
50,бояться,374,3
50,бояться,374,3
50,бояться,374,4
50,бояться,374,4
50,бояться,374,4
50,бояться,374,4
50,бояться,374,4
50,бояться,374,5
50,бояться,374,5
50,бояться,374,5
50,бояться,374,5
50,бояться,374,5
50,бояться,374,5
50,бояться,374,5
50,бояться,374,6
50,бояться,374,6
50,бояться,374,6
50,бояться,374,6
50,бояться,374,6
50,бояться,374,6
50,бояться,374,6
50,бояться,374,6
50,бояться,374,7
50,бояться,374,7
50,бояться,374,7
50,бояться,374,7
50,бояться,374,7
50,бояться,374,7
50,бояться,374,7
50,бояться,374,7
50,бояться,374,8
50,бояться,374,8
50,бояться,374,8
50,бояться,374,8
50,бояться,374,8
50,бояться,374,8
50,бояться,374,8
50,бояться,374,9
50,бояться,374,9
50,бояться,374,9
50,бояться,374,9
50,бояться,374,10
50,бояться,374,11
51,спать,383,0
51,спать,383,0
51,спать,383,0
51,спать,383,1
51,спать,383,1
51,спать,383,1
51,спать,383,1
51,спать,383,1
51,спать,383,1
51,спать,383,1
51,спать,383,1
51,спать,383,1
51,спать,383,1
51,спать,383,1
51,спать,383,2
51,спать,383,3
51,спать,383,4
51,спать,383,4
51,спать,383,5
51,спать,383,5
51,спать,383,5
51,спать,383,5
51,спать,383,6
51,спать,383,6
51,спать,383,6
51,спать,383,6
51,спать,383,6
51,спать,383,7
51,спать,383,7
51,спать,383,7
51,спать,383,7
52,рабочий,387,0
52,рабочий,387,0
52,рабочий,387,0
52,рабочий,387,1
52,рабочий,387,1
52,рабочий,387,1
52,рабочий,387,1
52,рабочий,387,1
52,рабочий,387,1
52,рабочий,387,1
52,рабочий,387,1
52,рабочий,387,1
52,рабочий,387,1
52,рабочий,387,1
52,рабочий,387,1
52,рабочий,387,1
52,рабочий,387,1
52,рабочий,387,1
52,рабочий,387,2
52,рабочий,387,3
52,рабочий,387,4
52,рабочий,387,4
52,рабочий,387,4
52,рабочий,387,5
52,рабочий,387,5
52,рабочий,387,5
52,рабочий,387,5
52,рабочий,387,5
52,рабочий,387,5
52,рабочий,387,6
52,рабочий,387,6
52,рабочий,387,6
52,рабочий,387,6
52,рабочий,387,6
52,рабочий,387,6
52,рабочий,387,6
52,рабочий,387,6
52,рабочий,387,6
52,рабочий,387,7
52,рабочий,387,7
52,рабочий,387,7
52,рабочий,387,7
52,рабочий,387,8
52,рабочий,387,8
52,рабочий,387,9
52,рабочий,387,10
52,рабочий,387,10
53,чуть,392,0
53,чуть,392,0
53,чуть,392,0
53,чуть,392,0
53,чуть,392,0
53,чуть,392,0
53,чуть,392,0
53,чуть,392,0
53,чуть,392,0
53,чуть,392,0
53,чуть,392,0
53,чуть,392,0
53,чуть,392,0
53,чуть,392,0
53,чуть,392,0
53,чуть,392,0
53,чуть,392,0
53,чуть,392,0
53,чуть,392,0
53,чуть,392,0
53,чуть,392,0
53,чуть,392,0
53,чуть,392,0
53,чуть,392,1
53,чуть,392,1
53,чуть,392,1
53,чуть,392,1
53,чуть,392,1
53,чуть,392,1
53,чуть,392,1
53,чуть,392,1
53,чуть,392,1
53,чуть,392,1
53,чуть,392,1
53,чуть,392,1
53,чуть,392,1
53,чуть,392,1
53,чуть,392,1
53,чуть,392,1
53,чуть,392,1
53,чуть,392,1
53,чуть,392,1
53,чуть,392,1
53,чуть,392,1
53,чуть,392,1
53,чуть,392,1
53,чуть,392,1
53,чуть,392,1
53,чуть,392,1
53,чуть,392,1
53,чуть,392,1
53,чуть,392,1
53,чуть,392,1
53,чуть,392,1
53,чуть,392,1
53,чуть,392,2
53,чуть,392,3
53,чуть,392,4
53,чуть,392,4
53,чуть,392,4
53,чуть,392,4
53,чуть,392,4
53,чуть,392,4
53,чуть,392,4
53,чуть,392,4
53,чуть,392,5
53,чуть,392,5
53,чуть,392,5
53,чуть,392,5
53,чуть,392,5
53,чуть,392,5
53,чуть,392,6
53,чуть,392,6
53,чуть,392,6
53,чуть,392,6
53,чуть,392,7
53,чуть,392,7
53,чуть,392,7
53,чуть,392,7
53,чуть,392,7
53,чуть,392,7
53,чуть,392,8
53,чуть,392,9
53,чуть,392,9
53,чуть,392,9
53,чуть,392,11
53,чуть,392,11
54,сильный,401,0
54,сильный,401,0
54,сильный,401,0
54,сильный,401,1
54,сильный,401,1
54,сильный,401,1
54,сильный,401,1
54,сильный,401,1
54,сильный,401,1
54,сильный,401,1
54,сильный,401,1
54,сильный,401,1
54,сильный,401,1
54,сильный,401,1
54,сильный,401,1
54,сильный,401,1
54,сильный,401,2
54,сильный,401,3
54,сильный,401,4
54,сильный,401,4
54,сильный,401,4
54,сильный,401,5
54,сильный,401,5
54,сильный,401,5
54,сильный,401,6
54,сильный,401,6
54,сильный,401,6
54,сильный,401,6
54,сильный,401,6
54,сильный,401,7
54,сильный,401,7
54,сильный,401,7
54,сильный,401,7
54,сильный,401,7
54,сильный,401,9
54,сильный,401,9
55,показать,407,0
55,показать,407,0
55,показать,407,0
55,показать,407,1
55,показать,407,1
55,показать,407,1
55,показать,407,1
55,показать,407,1
55,показать,407,1
55,показать,407,1
55,показать,407,1
55,показать,407,1
55,показать,407,1
55,показать,407,1
55,показать,407,1
55,показать,407,2
55,показать,407,3
55,показать,407,4
55,показать,407,4
55,показать,407,5
55,показать,407,5
55,показать,407,5
55,показать,407,5
55,показать,407,6
55,показать,407,7
55,показать,407,7
55,показать,407,7
55,показать,407,8
55,показать,407,8
55,показать,407,9
55,показать,407,9
55,показать,407,9
55,показать,407,9
55,показать,407,9
55,показать,407,10
55,показать,407,11
56,выходить,423,0
56,выходить,423,0
56,выходить,423,0
56,выходить,423,1
56,выходить,423,1
56,выходить,423,1
56,выходить,423,1
56,выходить,423,1
56,выходить,423,1
56,выходить,423,1
56,выходить,423,1
56,выходить,423,1
56,выходить,423,1
56,выходить,423,1
56,выходить,423,1
56,выходить,423,2
56,выходить,423,3
56,выходить,423,4
56,выходить,423,4
56,выходить,423,5
56,выходить,423,5
56,выходить,423,5
56,выходить,423,6
56,выходить,423,6
56,выходить,423,7
56,выходить,423,7
56,выходить,423,7
56,выходить,423,7
56,выходить,423,7
56,выходить,423,9
56,выходить,423,10
56,выходить,423,11
57,н.,424,0
57,н.,424,0
57,н.,424,0
57,н.,424,1
57,н.,424,1
57,н.,424,1
57,н.,424,1
57,н.,424,1
57,н.,424,1
57,н.,424,1
57,н.,424,1
57,н.,424,1
57,н.,424,1
57,н.,424,1
57,н.,424,1
57,н.,424,1
57,н.,424,1
57,н.,424,2
57,н.,424,4
57,н.,424,4
57,н.,424,5
57,н.,424,5
57,н.,424,5
57,н.,424,6
57,н.,424,9
58,войти,426,0
58,войти,426,0
58,войти,426,0
58,войти,426,1
58,войти,426,1
58,войти,426,1
58,войти,426,1
58,войти,426,1
58,войти,426,1
58,войти,426,1
58,войти,426,1
58,войти,426,1
58,войти,426,1
58,войти,426,1
58,войти,426,1
58,войти,426,2
58,войти,426,2
58,войти,426,4
58,войти,426,4
58,войти,426,4
58,войти,426,5
58,войти,426,5
58,войти,426,5
58,войти,426,5
58,войти,426,5
58,войти,426,6
58,войти,426,6
58,войти,426,6
58,войти,426,7
58,войти,426,7
58,войти,426,7
58,войти,426,7
58,войти,426,7
58,войти,426,9
58,войти,426,9
58,войти,426,11
59,причина,429,0
59,причина,429,0
59,причина,429,0
59,причина,429,1
59,причина,429,1
59,причина,429,1
59,причина,429,1
59,причина,429,1
59,причина,429,1
59,причина,429,1
59,причина,429,1
59,причина,429,1
59,причина,429,4
59,причина,429,4
59,причина,429,4
59,причина,429,5
59,причина,429,5
59,причина,429,5
59,причина,429,6
59,причина,429,6
59,причина,429,7
59,причина,429,7
59,причина,429,8
59,причина,429,8
59,причина,429,9
60,квартира,436,0
60,квартира,436,0
60,квартира,436,0
60,квартира,436,0
60,квартира,436,1
60,квартира,436,1
60,квартира,436,1
60,квартира,436,1
60,квартира,436,1
60,квартира,436,1
60,квартира,436,1
60,квартира,436,1
60,квартира,436,1
60,квартира,436,1
60,квартира,436,1
60,квартира,436,1
60,квартира,436,1
60,квартира,436,1
60,квартира,436,1
60,квартира,436,1
60,квартира,436,1
60,квартира,436,1
60,квартира,436,1
60,квартира,436,2
60,квартира,436,3
60,квартира,436,3
60,квартира,436,4
60,квартира,436,4
60,квартира,436,5
60,квартира,436,5
60,квартира,436,5
60,квартира,436,5
60,квартира,436,5
60,квартира,436,5
60,квартира,436,6
60,квартира,436,6
60,квартира,436,6
60,квартира,436,6
60,квартира,436,7
60,квартира,436,7
60,квартира,436,7
60,квартира,436,7
60,квартира,436,7
60,квартира,436,7
60,квартира,436,9
60,квартира,436,9
61,брать,475,0
61,брать,475,0
61,брать,475,0
61,брать,475,1
61,брать,475,1
61,брать,475,1
61,брать,475,1
61,брать,475,1
61,брать,475,1
61,брать,475,1
61,брать,475,1
61,брать,475,1
61,брать,475,1
61,брать,475,1
61,брать,475,1
61,брать,475,1
61,брать,475,1
61,брать,475,2
61,брать,475,3
61,брать,475,4
61,брать,475,4
61,брать,475,5
61,брать,475,5
61,брать,475,5
61,брать,475,6
61,брать,475,6
61,брать,475,6
61,брать,475,6
61,брать,475,7
61,брать,475,7
61,брать,475,7
61,брать,475,8
61,брать,475,9
61,брать,475,11
62,девушка,487,0
62,девушка,487,0
62,девушка,487,0
62,девушка,487,0
62,девушка,487,0
62,девушка,487,0
62,девушка,487,1
62,девушка,487,1
62,девушка,487,1
62,девушка,487,1
62,девушка,487,1
62,девушка,487,1
62,девушка,487,1
62,девушка,487,1
62,девушка,487,1
62,девушка,487,1
62,девушка,487,1
62,девушка,487,1
62,девушка,487,1
62,девушка,487,1
62,девушка,487,1
62,девушка,487,1
62,девушка,487,1
62,девушка,487,1
62,девушка,487,1
62,девушка,487,1
62,девушка,487,1
62,девушка,487,1
62,девушка,487,1
62,девушка,487,1
62,девушка,487,1
62,девушка,487,1
62,девушка,487,1
62,девушка,487,1
62,девушка,487,1
62,девушка,487,1
62,девушка,487,1
62,девушка,487,1
62,девушка,487,1
62,девушка,487,2
62,девушка,487,3
62,девушка,487,3
62,девушка,487,4
62,девушка,487,4
62,девушка,487,4
62,девушка,487,4
62,девушка,487,4
62,девушка,487,4
62,девушка,487,5
62,девушка,487,5
62,девушка,487,5
62,девушка,487,5
62,девушка,487,5
62,девушка,487,5
62,девушка,487,6
62,девушка,487,6
62,девушка,487,6
62,девушка,487,6
62,девушка,487,6
62,девушка,487,7
62,девушка,487,7
62,девушка,487,7
62,девушка,487,7
62,девушка,487,7
62,девушка,487,9
62,девушка,487,11
63,плечо,488,0
63,плечо,488,0
63,плечо,488,0
63,плечо,488,1
63,плечо,488,1
63,плечо,488,1
63,плечо,488,1
63,плечо,488,1
63,плечо,488,1
63,плечо,488,1
63,плечо,488,1
63,плечо,488,1
63,плечо,488,1
63,плечо,488,1
63,плечо,488,1
63,плечо,488,1
63,плечо,488,1
63,плечо,488,1
63,плечо,488,1
63,плечо,488,1
63,плечо,488,1
63,плечо,488,1
63,плечо,488,1
63,плечо,488,1
63,плечо,488,1
63,плечо,488,1
63,плечо,488,1
63,плечо,488,1
63,плечо,488,1
63,плечо,488,1
63,плечо,488,1
63,плечо,488,1
63,плечо,488,1
63,плечо,488,2
63,плечо,488,4
63,плечо,488,4
63,плечо,488,4
63,плечо,488,4
63,плечо,488,4
63,плечо,488,5
63,плечо,488,5
63,плечо,488,5
63,плечо,488,5
63,плечо,488,6
63,плечо,488,6
63,плечо,488,6
63,плечо,488,6
63,плечо,488,6
63,плечо,488,7
63,плечо,488,7
63,плечо,488,7
63,плечо,488,9
64,требовать,494,0
64,требовать,494,0
64,требовать,494,0
64,требовать,494,0
64,требовать,494,1
64,требовать,494,1
64,требовать,494,1
64,требовать,494,1
64,требовать,494,1
64,требовать,494,1
64,требовать,494,1
64,требовать,494,1
64,требовать,494,1
64,требовать,494,1
64,требовать,494,1
64,требовать,494,1
64,требовать,494,2
64,требовать,494,4
64,требовать,494,4
64,требовать,494,4
64,требовать,494,5
64,требовать,494,5
64,требовать,494,5
64,требовать,494,5
64,требовать,494,5
64,требовать,494,6
64,требовать,494,6
64,требовать,494,6
64,требовать,494,6
64,требовать,494,6
64,требовать,494,7
64,требовать,494,7
64,требовать,494,7
64,требовать,494,7
64,требовать,494,7
64,требовать,494,9
64,требовать,494,9
64,требовать,494,9
64,требовать,494,11
65,идея,497,0
65,идея,497,0
65,идея,497,0
65,идея,497,1
65,идея,497,1
65,идея,497,1
65,идея,497,1
65,идея,497,1
65,идея,497,1
65,идея,497,1
65,идея,497,1
65,идея,497,1
65,идея,497,1
65,идея,497,1
65,идея,497,1
65,идея,497,1
65,идея,497,1
65,идея,497,1
65,идея,497,1
65,идея,497,1
65,идея,497,3
65,идея,497,4
65,идея,497,4
65,идея,497,4
65,идея,497,5
65,идея,497,5
65,идея,497,5
65,идея,497,6
65,идея,497,6
65,идея,497,6
65,идея,497,6
65,идея,497,6
65,идея,497,6
65,идея,497,7
65,идея,497,7
65,идея,497,7
65,идея,497,7
65,идея,497,7
65,идея,497,7
65,идея,497,9
65,идея,497,9
